aggregator,No attack,Sign flip,Scale x10,Label flip,ALIE,Min-max
Dense FedAvg (ideal channel),35.0+-0.1,27.2+-3.0,22.0+-9.0,32.2+-1.6,34.4+-1.9,22.4+-2.8
FedAvg,33.1+-2.0,25.3+-3.1,36.3+-6.8,29.9+-0.2,32.8+-1.5,21.7+-2.6
Krum,27.4+-2.6,25.8+-6.2,28.8+-3.9,28.9+-3.4,30.1+-4.2,24.9+-3.0
Multi-Krum,,,,,,
Coord. median,29.0+-0.4,22.1+-3.3,30.7+-2.2,25.3+-0.9,28.6+-3.7,19.9+-4.1
Trimmed mean,31.1+-1.8,23.5+-4.6,33.5+-1.8,28.5+-1.9,31.0+-3.5,19.7+-4.5
Linear det.,,,,,,
MLP det.,33.4+-1.4,31.3+-1.9,34.4+-1.3,29.6+-1.9,32.8+-1.8,27.5+-6.3
VQAD (VQC),33.1+-3.9,31.0+-0.8,33.5+-7.5,30.0+-1.1,32.1+-0.3,26.9+-4.7
